<?xml version="1.0" encoding="ISO-8859-1"?>
<image_list>
 <image>
  <file>polignano.jpg</file>
  <name>Sky at Polignano a Mare, Italy.</name>
  <author>Jose G Moya Y</author>
  <license>Creative Commons Attribution-Noncommercial-Sharealike</license>
  <originalurl>http://www.flickr.com/photos/josemoya/72120074/in/set-1550315/</originalurl>
 </image>
 <image>
  <file>spring_flowers.jpg</file>
  <name>Spring Flowers (Dianthus barbatus)</name>
  <author>Autogyro at en.wikipedia.org (N.M. Bashour)</author>
  <license>Creative Commons Attribution-Sharealike 3.0
GNU FDL 1.2</license>
  <originalurl>http://commons.wikimedia.org/wiki/File:Spring_Flowers.JPG</originalurl>
 </image>
 <image>
   <file>fruhling_bluhender_kirschenbaum.jpg</file> 
   <name>Wild Cherry (Prunus avium) in flower.</name> 
   <author>Benjamin Gimmel, BenHur of Wikipedia</author> 
   <license>Creative Commons Attribution-Sharealike 3.0 GNU FDL 1.2</license> 
   <originalurl>http://commons.wikimedia.org/wiki/File:Fr%C3%BChling_bl%C3%BChender_Kirschenbaum.jpg</originalurl> 
 </image>
</image_list>